epoch,steps,MRR@10
0,5000,0.9098111658456486
0,10000,0.9121818555008211
0,-1,0.9129840585659551
