epoch,steps,cosine_pearson,cosine_spearman,euclidean_pearson,euclidean_spearman,manhattan_pearson,manhattan_spearman,dot_pearson,dot_spearman
0,1000,0.23134940825292336,0.2665831185560416,0.22634502943865664,0.26522503894694327,0.2211701414707814,0.2601801421904726,0.2285623060745014,0.26427109117599185
0,2000,0.29373721821845494,0.3226302971743804,0.28324244886270505,0.3213336526037343,0.2792050280859668,0.3181096243464854,0.2957427955530013,0.3225375798418715
0,3000,0.33705133663879894,0.3547022007878105,0.32273948367901845,0.35530003454249537,0.3199940752523485,0.35388074129154157,0.33885941586663515,0.35253731967584234
0,4000,0.366230852139892,0.37111092855475225,0.3575100592410037,0.3728332993001437,0.35332611683672427,0.37048283858839093,0.3640943441384134,0.3664626706714179
0,-1,0.35434063460925147,0.3624325487770457,0.3455694431505938,0.36554881025476643,0.34271983457475524,0.36576374791588856,0.3514460503151462,0.3581539082147208
