epoch,steps,cosine_pearson,cosine_spearman,euclidean_pearson,euclidean_spearman,manhattan_pearson,manhattan_spearman,dot_pearson,dot_spearman
0,1000,0.2518505632420063,0.30378466356652584,0.2480096005245998,0.30113674998270734,0.24771687307182794,0.3045029666767507,0.23402245698053414,0.2836471028275811
0,2000,0.2683587219613139,0.3010809212232303,0.2680560691704349,0.29779244095479157,0.26953497481048894,0.3026102794405901,0.2524488415466337,0.28721252514114826
0,3000,0.28934948571823776,0.32759781486034756,0.2914301684553709,0.3244135397732427,0.2916936657294774,0.3278021583491689,0.2795553840438522,0.320245220465261
0,4000,0.29878151775463013,0.32517316395815954,0.2948731735847699,0.31719038463787563,0.29481446680636897,0.3204959685788707,0.29305441515674896,0.3229401064471601
0,5000,0.29920410410393294,0.32168215537150757,0.29116335875923466,0.30933771459368425,0.29144905721633185,0.31131324358033635,0.3006570691680239,0.32726145123562134
0,6000,0.3115656928792715,0.3350799578509836,0.30607537981690486,0.3262513348382951,0.3058210482265956,0.32735956421250806,0.308631793852452,0.3385740594552113
0,-1,0.3037647971707758,0.33040006341129075,0.30152759710676896,0.31949918459013926,0.30173398823179,0.3210869353003,0.3059972739220679,0.3371154790599226
